{
  "simulation_params": {
    "mc_runs": 1000,
    "sales_volatility": 0.12,
    "fx_volatility": 0.15,
    "confidence_level": 0.95
  },
  "risk_metrics": {
    "fcf_var_95": 817864.5609010693,
    "fcf_cvar_95": 355351.37862868555,
    "ebit_var_95": 2244448.0985865095,
    "ebit_cvar_95": 1657256.5953419243,
    "fcf_mean": 2734382.11507979,
    "fcf_std": 1103631.93658041,
    "fcf_min": -1020932.2664106968,
    "fcf_max": 6245115.536770996,
    "prob_negative_monthly_fcf": 1.0,
    "prob_negative_total_fcf": 0.01,
    "fcf_coefficient_of_variation": 0.40361291514233216
  },
  "fcf_distribution": {
    "percentiles": {
      "p1": 92658.59653953518,
      "p5": 817864.5609010688,
      "p10": 1325694.4024094688,
      "p25": 1959244.579015662,
      "p50": 2737929.3182546105,
      "p75": 3468273.0367920008,
      "p90": 4123453.838366484,
      "p95": 4506195.042026083,
      "p99": 5088516.852017425
    },
    "mean": 2734382.11507979,
    "std": 1103631.93658041,
    "skewness": -0.1704223732550268,
    "kurtosis": 0.0695860515929998,
    "is_normal": "True",
    "normality_p_value": 0.0761610315052825
  },
  "ebit_distribution": {
    "percentiles": {
      "p1": 1315603.9937784483,
      "p5": 2244448.098586509,
      "p10": 2766173.4647761276,
      "p25": 3729406.286186911,
      "p50": 4860143.832900233,
      "p75": 5918024.937401894,
      "p90": 6987831.62228548,
      "p95": 7495218.916444269,
      "p99": 8697937.30148194
    },
    "mean": 4851158.432044345,
    "std": 1604501.374110143,
    "skewness": 0.10070500170186376,
    "kurtosis": -0.16813762535383825,
    "is_normal": "True",
    "normality_p_value": 0.23727641778445907
  },
  "analysis_timestamp": "2025-09-28T17:39:30.437503"
}